insert into attivita (id_attivita, categoria, nome, descrizione, max_persone, prezzo)
values(100, 'Visita guidata', 'Cascata della Maronnella','La nostra attrazione principale, il punto pi첫 bello del bioparco' ,32, 25);
insert into attivita (id_attivita, categoria, nome, descrizione, max_persone, prezzo)
values(101, 'Visita guidata', 'Ponte del Somaro', 'Luogo di passaggio degli allevatori di somari di cento anni fa', 32, 35);
insert into attivita (id_attivita, categoria, nome, descrizione, max_persone, prezzo)
values(102, 'Visita guidata', 'Ritrovo dei cacciatori', 'Chalet usato dai cacciatori come luogo di ritrovo durante la caccia', 32, 35);
insert into attivita (id_attivita, categoria, nome, descrizione, max_persone, prezzo)
values(103, 'Visita guidata', 'Fino a valle', 'Percorso pi첫 lungo del bioparco. Permettedi girare tutto il bioparco', 32, 25);

insert into attivita (id_attivita, categoria, nome, descrizione, max_persone, prezzo)
values(200, 'Fattoria didattica', 'Fattoria didattica', 'Per i bambini fino a 14 anni, alla scoperta del bioparco', 18, 20);

insert into attivita (id_attivita, categoria, nome, descrizione, max_persone, prezzo)
values(300, 'Escursione', 'Cascata della Maronnella','Escursione presso il punto pi첫 bello del bioparco' , 32, 25);
insert into attivita (id_attivita, categoria, nome, descrizione, max_persone, prezzo)
values(301, 'Escursione', 'Ponte del Somaro', 'Luogo di passaggio degli allevatori di 100 anni fa', 32, 35);
insert into attivita (id_attivita, categoria, nome, descrizione, max_persone, prezzo)
values(302, 'Escursione', 'Ritrovo dei cacciatori', 'Visita non guidata presso lo chalet usato dai cacciatori per il ristoro', 32, 35);
insert into attivita (id_attivita, categoria, nome, descrizione, max_persone, prezzo)
values(303, 'Escursione', 'Fino a valle', 'Escursione presso il sentoero pi첫 lungo del bioparco', 32, 25);

insert into attivita (id_attivita, categoria, nome, descrizione, max_persone, prezzo)
values(400, 'Balneazione', 'Bagno alla cascata della Maronnella', 'Goditi le giornate estive facendoti un bagno presso la nostra cascata', 32, 20);
insert into attivita (id_attivita, categoria, nome, descrizione, max_persone, prezzo)
values(500, 'Ristoro', 'Pic-Nic', 'Mangia all aperto sotto i nostri alberi e goditi la natura', 30, 20);

/************* POPOLAMENTO CALENARIO *************/
/*** ATTIVITA VISITA GUIDATA - CASCATA DELLA MARONNELLLA ***/
insert into calendario (data, ora, id_attivita)
values ('2020-12-02', '09:00:00', 100);
insert into calendario (data, ora, id_attivita)
values ('2020-12-02', '12:00:00', 100);
insert into calendario (data, ora, id_attivita)
values ('2020-12-02', '15:00:00', 100);

insert into calendario (data, ora, id_attivita)
values ('2020-12-04', '09:00:00', 100);
insert into calendario (data, ora, id_attivita)
values ('2020-12-04', '12:00:00', 100);
insert into calendario (data, ora, id_attivita)
values ('2020-12-04', '15:00:00', 100);

insert into calendario (data, ora, id_attivita)
values ('2020-12-07', '09:00:00', 100);
insert into calendario (data, ora, id_attivita)
values ('2020-12-07', '12:00:00', 100);
insert into calendario (data, ora, id_attivita)
values ('2020-12-07', '15:00:00', 100);

insert into calendario (data, ora, id_attivita)
values ('2020-12-09', '09:00:00', 100);
insert into calendario (data, ora, id_attivita)
values ('2020-12-09', '12:00:00', 100);
insert into calendario (data, ora, id_attivita)
values ('2020-12-09', '15:00:00', 100);

insert into calendario (data, ora, id_attivita)
values ('2020-12-11', '09:00:00', 100);
insert into calendario (data, ora, id_attivita)
values ('2020-12-11', '12:00:00', 100);
insert into calendario (data, ora, id_attivita)
values ('2020-12-11', '15:00:00', 100);

insert into calendario (data, ora, id_attivita)
values ('2020-12-14', '09:00:00', 100);
insert into calendario (data, ora, id_attivita)
values ('2020-12-14', '12:00:00', 100);
insert into calendario (data, ora, id_attivita)
values ('2020-12-14', '15:00:00', 100);

insert into calendario (data, ora, id_attivita)
values ('2020-12-16', '09:00:00', 100);
insert into calendario (data, ora, id_attivita)
values ('2020-12-16', '12:00:00', 100);
insert into calendario (data, ora, id_attivita)
values ('2020-12-16', '15:00:00', 100);

insert into calendario (data, ora, id_attivita)
values ('2020-12-18', '09:00:00', 100);
insert into calendario (data, ora, id_attivita)
values ('2020-12-18', '12:00:00', 100);
insert into calendario (data, ora, id_attivita)
values ('2020-12-18', '15:00:00', 100);

insert into calendario (data, ora, id_attivita)
values ('2020-12-21', '09:00:00', 100);
insert into calendario (data, ora, id_attivita)
values ('2020-12-21', '12:00:00', 100);
insert into calendario (data, ora, id_attivita)
values ('2020-12-21', '15:00:00', 100);

insert into calendario (data, ora, id_attivita)
values ('2020-12-23', '09:00:00', 100);
insert into calendario (data, ora, id_attivita)
values ('2020-12-23', '12:00:00', 100);
insert into calendario (data, ora, id_attivita)
values ('2020-12-23', '15:00:00', 100);

insert into calendario (data, ora, id_attivita)
values ('2021-01-11', '09:00:00', 100);
insert into calendario (data, ora, id_attivita)
values ('2021-01-11', '12:00:00', 100);
insert into calendario (data, ora, id_attivita)
values ('2021-01-11', '15:00:00', 100);

insert into calendario (data, ora, id_attivita)
values ('2021-01-13', '09:00:00', 100);
insert into calendario (data, ora, id_attivita)
values ('2021-01-13', '12:00:00', 100);
insert into calendario (data, ora, id_attivita)
values ('2021-01-13', '15:00:00', 100);

insert into calendario (data, ora, id_attivita)
values ('2021-01-15', '09:00:00', 100);
insert into calendario (data, ora, id_attivita)
values ('2021-01-15', '12:00:00', 100);
insert into calendario (data, ora, id_attivita)
values ('2021-01-15', '15:00:00', 100);

insert into calendario (data, ora, id_attivita)
values ('2021-01-18', '09:00:00', 100);
insert into calendario (data, ora, id_attivita)
values ('2021-01-20', '12:00:00', 100);
insert into calendario (data, ora, id_attivita)
values ('2021-01-22', '15:00:00', 100);

insert into calendario (data, ora, id_attivita)
values ('2021-01-25', '09:00:00', 100);
insert into calendario (data, ora, id_attivita)
values ('2021-01-25', '12:00:00', 100);
insert into calendario (data, ora, id_attivita)
values ('2021-01-25', '15:00:00', 100);

insert into calendario (data, ora, id_attivita)
values ('2021-01-27', '09:00:00', 100);
insert into calendario (data, ora, id_attivita)
values ('2021-01-27', '12:00:00', 100);
insert into calendario (data, ora, id_attivita)
values ('2021-01-27', '15:00:00', 100);

insert into calendario (data, ora, id_attivita)
values ('2021-01-29', '09:00:00', 100);
insert into calendario (data, ora, id_attivita)
values ('2021-01-29', '12:00:00', 100);
insert into calendario (data, ora, id_attivita)
values ('2021-01-29', '15:00:00', 100);

/*** ATTIVITA VISITA GUIDATA - PONTE DEL SOMARO ***/
insert into calendario (data, ora, id_attivita)
values ('2020-12-02', '09:00:00', 101);
insert into calendario (data, ora, id_attivita)
values ('2020-12-02', '12:00:00', 101);
insert into calendario (data, ora, id_attivita)
values ('2020-12-02', '15:00:00', 101);

insert into calendario (data, ora, id_attivita)
values ('2020-12-04', '09:00:00', 101);
insert into calendario (data, ora, id_attivita)
values ('2020-12-04', '12:00:00', 101);
insert into calendario (data, ora, id_attivita)
values ('2020-12-04', '15:00:00', 101);

insert into calendario (data, ora, id_attivita)
values ('2020-12-07', '09:00:00', 101);
insert into calendario (data, ora, id_attivita)
values ('2020-12-07', '12:00:00', 101);
insert into calendario (data, ora, id_attivita)
values ('2020-12-07', '15:00:00', 101);

insert into calendario (data, ora, id_attivita)
values ('2020-12-09', '09:00:00', 101);
insert into calendario (data, ora, id_attivita)
values ('2020-12-09', '12:00:00', 101);
insert into calendario (data, ora, id_attivita)
values ('2020-12-09', '15:00:00', 101);

insert into calendario (data, ora, id_attivita)
values ('2020-12-11', '09:00:00', 101);
insert into calendario (data, ora, id_attivita)
values ('2020-12-11', '12:00:00', 101);
insert into calendario (data, ora, id_attivita)
values ('2020-12-11', '15:00:00', 101);

insert into calendario (data, ora, id_attivita)
values ('2020-12-14', '09:00:00', 101);
insert into calendario (data, ora, id_attivita)
values ('2020-12-14', '12:00:00', 101);
insert into calendario (data, ora, id_attivita)
values ('2020-12-14', '15:00:00', 101);

insert into calendario (data, ora, id_attivita)
values ('2020-12-16', '09:00:00', 101);
insert into calendario (data, ora, id_attivita)
values ('2020-12-16', '12:00:00', 101);
insert into calendario (data, ora, id_attivita)
values ('2020-12-16', '15:00:00', 101);

insert into calendario (data, ora, id_attivita)
values ('2020-12-18', '09:00:00', 101);
insert into calendario (data, ora, id_attivita)
values ('2020-12-18', '12:00:00', 101);
insert into calendario (data, ora, id_attivita)
values ('2020-12-18', '15:00:00', 101);

insert into calendario (data, ora, id_attivita)
values ('2020-12-21', '09:00:00', 101);
insert into calendario (data, ora, id_attivita)
values ('2020-12-21', '12:00:00', 101);
insert into calendario (data, ora, id_attivita)
values ('2020-12-21', '15:00:00', 101);

insert into calendario (data, ora, id_attivita)
values ('2020-12-23', '09:00:00', 101);
insert into calendario (data, ora, id_attivita)
values ('2020-12-23', '12:00:00', 101);
insert into calendario (data, ora, id_attivita)
values ('2020-12-23', '15:00:00', 101);

insert into calendario (data, ora, id_attivita)
values ('2021-01-11', '09:00:00', 101);
insert into calendario (data, ora, id_attivita)
values ('2021-01-11', '12:00:00', 101);
insert into calendario (data, ora, id_attivita)
values ('2021-01-11', '15:00:00', 101);

insert into calendario (data, ora, id_attivita)
values ('2021-01-13', '09:00:00', 101);
insert into calendario (data, ora, id_attivita)
values ('2021-01-13', '12:00:00', 101);
insert into calendario (data, ora, id_attivita)
values ('2021-01-13', '15:00:00', 101);

insert into calendario (data, ora, id_attivita)
values ('2021-01-15', '09:00:00', 101);
insert into calendario (data, ora, id_attivita)
values ('2021-01-15', '12:00:00', 101);
insert into calendario (data, ora, id_attivita)
values ('2021-01-15', '15:00:00', 101);

insert into calendario (data, ora, id_attivita)
values ('2021-01-18', '09:00:00', 101);
insert into calendario (data, ora, id_attivita)
values ('2021-01-20', '12:00:00', 101);
insert into calendario (data, ora, id_attivita)
values ('2021-01-22', '15:00:00', 101);

insert into calendario (data, ora, id_attivita)
values ('2021-01-25', '09:00:00', 101);
insert into calendario (data, ora, id_attivita)
values ('2021-01-25', '12:00:00', 101);
insert into calendario (data, ora, id_attivita)
values ('2021-01-25', '15:00:00', 101);

insert into calendario (data, ora, id_attivita)
values ('2021-01-27', '09:00:00', 101);
insert into calendario (data, ora, id_attivita)
values ('2021-01-27', '12:00:00', 101);
insert into calendario (data, ora, id_attivita)
values ('2021-01-27', '15:00:00', 101);

insert into calendario (data, ora, id_attivita)
values ('2021-01-29', '09:00:00', 101);
insert into calendario (data, ora, id_attivita)
values ('2021-01-29', '12:00:00', 101);
insert into calendario (data, ora, id_attivita)
values ('2021-01-29', '15:00:00', 101);

/*** ATTIVITA VISITA GUIDATA - RITROVO DEI CACCIATORI ***/
insert into calendario (data, ora, id_attivita)
values ('2020-12-02', '09:00:00', 102);
insert into calendario (data, ora, id_attivita)
values ('2020-12-02', '12:00:00', 102);
insert into calendario (data, ora, id_attivita)
values ('2020-12-02', '15:00:00', 102);

insert into calendario (data, ora, id_attivita)
values ('2020-12-04', '09:00:00', 102);
insert into calendario (data, ora, id_attivita)
values ('2020-12-04', '12:00:00', 102);
insert into calendario (data, ora, id_attivita)
values ('2020-12-04', '15:00:00', 102);

insert into calendario (data, ora, id_attivita)
values ('2020-12-07', '09:00:00', 102);
insert into calendario (data, ora, id_attivita)
values ('2020-12-07', '12:00:00', 102);
insert into calendario (data, ora, id_attivita)
values ('2020-12-07', '15:00:00', 102);

insert into calendario (data, ora, id_attivita)
values ('2020-12-09', '09:00:00', 102);
insert into calendario (data, ora, id_attivita)
values ('2020-12-09', '12:00:00', 102);
insert into calendario (data, ora, id_attivita)
values ('2020-12-09', '15:00:00', 102);

insert into calendario (data, ora, id_attivita)
values ('2020-12-11', '09:00:00', 102);
insert into calendario (data, ora, id_attivita)
values ('2020-12-11', '12:00:00', 102);
insert into calendario (data, ora, id_attivita)
values ('2020-12-11', '15:00:00', 102);

insert into calendario (data, ora, id_attivita)
values ('2020-12-14', '09:00:00', 102);
insert into calendario (data, ora, id_attivita)
values ('2020-12-14', '12:00:00', 102);
insert into calendario (data, ora, id_attivita)
values ('2020-12-14', '15:00:00', 102);

insert into calendario (data, ora, id_attivita)
values ('2020-12-16', '09:00:00', 102);
insert into calendario (data, ora, id_attivita)
values ('2020-12-16', '12:00:00', 102);
insert into calendario (data, ora, id_attivita)
values ('2020-12-16', '15:00:00', 102);

insert into calendario (data, ora, id_attivita)
values ('2020-12-18', '09:00:00', 102);
insert into calendario (data, ora, id_attivita)
values ('2020-12-18', '12:00:00', 102);
insert into calendario (data, ora, id_attivita)
values ('2020-12-18', '15:00:00', 102);

insert into calendario (data, ora, id_attivita)
values ('2020-12-21', '09:00:00', 102);
insert into calendario (data, ora, id_attivita)
values ('2020-12-21', '12:00:00', 102);
insert into calendario (data, ora, id_attivita)
values ('2020-12-21', '15:00:00', 102);

insert into calendario (data, ora, id_attivita)
values ('2020-12-23', '09:00:00', 102);
insert into calendario (data, ora, id_attivita)
values ('2020-12-23', '12:00:00', 102);
insert into calendario (data, ora, id_attivita)
values ('2020-12-23', '15:00:00', 102);

insert into calendario (data, ora, id_attivita)
values ('2021-01-11', '09:00:00', 102);
insert into calendario (data, ora, id_attivita)
values ('2021-01-11', '12:00:00', 102);
insert into calendario (data, ora, id_attivita)
values ('2021-01-11', '15:00:00', 102);

insert into calendario (data, ora, id_attivita)
values ('2021-01-13', '09:00:00', 102);
insert into calendario (data, ora, id_attivita)
values ('2021-01-13', '12:00:00', 102);
insert into calendario (data, ora, id_attivita)
values ('2021-01-13', '15:00:00', 102);

insert into calendario (data, ora, id_attivita)
values ('2021-01-15', '09:00:00', 102);
insert into calendario (data, ora, id_attivita)
values ('2021-01-15', '12:00:00', 102);
insert into calendario (data, ora, id_attivita)
values ('2021-01-15', '15:00:00', 102);

insert into calendario (data, ora, id_attivita)
values ('2021-01-18', '09:00:00', 102);
insert into calendario (data, ora, id_attivita)
values ('2021-01-20', '12:00:00', 102);
insert into calendario (data, ora, id_attivita)
values ('2021-01-22', '15:00:00', 102);

insert into calendario (data, ora, id_attivita)
values ('2021-01-25', '09:00:00', 102);
insert into calendario (data, ora, id_attivita)
values ('2021-01-25', '12:00:00', 102);
insert into calendario (data, ora, id_attivita)
values ('2021-01-25', '15:00:00', 102);

insert into calendario (data, ora, id_attivita)
values ('2021-01-27', '09:00:00', 102);
insert into calendario (data, ora, id_attivita)
values ('2021-01-27', '12:00:00', 102);
insert into calendario (data, ora, id_attivita)
values ('2021-01-27', '15:00:00', 102);

insert into calendario (data, ora, id_attivita)
values ('2021-01-29', '09:00:00', 102);
insert into calendario (data, ora, id_attivita)
values ('2021-01-29', '12:00:00', 102);
insert into calendario (data, ora, id_attivita)
values ('2021-01-29', '15:00:00', 102);

/*** ATTIVITA VISITA GUIDATA - FINO A VALLE ***/
insert into calendario (data, ora, id_attivita)
values ('2020-12-02', '09:00:00', 103);
insert into calendario (data, ora, id_attivita)
values ('2020-12-02', '12:00:00', 103);
insert into calendario (data, ora, id_attivita)
values ('2020-12-02', '15:00:00', 103);

insert into calendario (data, ora, id_attivita)
values ('2020-12-04', '09:00:00', 103);
insert into calendario (data, ora, id_attivita)
values ('2020-12-04', '12:00:00', 103);
insert into calendario (data, ora, id_attivita)
values ('2020-12-04', '15:00:00', 103);

insert into calendario (data, ora, id_attivita)
values ('2020-12-07', '09:00:00', 103);
insert into calendario (data, ora, id_attivita)
values ('2020-12-07', '12:00:00', 103);
insert into calendario (data, ora, id_attivita)
values ('2020-12-07', '15:00:00', 103);

insert into calendario (data, ora, id_attivita)
values ('2020-12-09', '09:00:00', 103);
insert into calendario (data, ora, id_attivita)
values ('2020-12-09', '12:00:00', 103);
insert into calendario (data, ora, id_attivita)
values ('2020-12-09', '15:00:00', 103);

insert into calendario (data, ora, id_attivita)
values ('2020-12-11', '09:00:00', 103);
insert into calendario (data, ora, id_attivita)
values ('2020-12-11', '12:00:00', 103);
insert into calendario (data, ora, id_attivita)
values ('2020-12-11', '15:00:00', 103);

insert into calendario (data, ora, id_attivita)
values ('2020-12-14', '09:00:00', 103);
insert into calendario (data, ora, id_attivita)
values ('2020-12-14', '12:00:00', 103);
insert into calendario (data, ora, id_attivita)
values ('2020-12-14', '15:00:00', 103);

insert into calendario (data, ora, id_attivita)
values ('2020-12-16', '09:00:00', 103);
insert into calendario (data, ora, id_attivita)
values ('2020-12-16', '12:00:00', 103);
insert into calendario (data, ora, id_attivita)
values ('2020-12-16', '15:00:00', 103);

insert into calendario (data, ora, id_attivita)
values ('2020-12-18', '09:00:00', 103);
insert into calendario (data, ora, id_attivita)
values ('2020-12-18', '12:00:00', 103);
insert into calendario (data, ora, id_attivita)
values ('2020-12-18', '15:00:00', 103);

insert into calendario (data, ora, id_attivita)
values ('2020-12-21', '09:00:00', 103);
insert into calendario (data, ora, id_attivita)
values ('2020-12-21', '12:00:00', 103);
insert into calendario (data, ora, id_attivita)
values ('2020-12-21', '15:00:00', 103);

insert into calendario (data, ora, id_attivita)
values ('2020-12-23', '09:00:00', 103);
insert into calendario (data, ora, id_attivita)
values ('2020-12-23', '12:00:00', 103);
insert into calendario (data, ora, id_attivita)
values ('2020-12-23', '15:00:00', 103);

insert into calendario (data, ora, id_attivita)
values ('2021-01-11', '09:00:00', 103);
insert into calendario (data, ora, id_attivita)
values ('2021-01-11', '12:00:00', 103);
insert into calendario (data, ora, id_attivita)
values ('2021-01-11', '15:00:00', 103);

insert into calendario (data, ora, id_attivita)
values ('2021-01-13', '09:00:00', 103);
insert into calendario (data, ora, id_attivita)
values ('2021-01-13', '12:00:00', 103);
insert into calendario (data, ora, id_attivita)
values ('2021-01-13', '15:00:00', 103);

insert into calendario (data, ora, id_attivita)
values ('2021-01-15', '09:00:00', 103);
insert into calendario (data, ora, id_attivita)
values ('2021-01-15', '12:00:00', 103);
insert into calendario (data, ora, id_attivita)
values ('2021-01-15', '15:00:00', 103);

insert into calendario (data, ora, id_attivita)
values ('2021-01-18', '09:00:00', 103);
insert into calendario (data, ora, id_attivita)
values ('2021-01-20', '12:00:00', 103);
insert into calendario (data, ora, id_attivita)
values ('2021-01-22', '15:00:00', 103);

insert into calendario (data, ora, id_attivita)
values ('2021-01-25', '09:00:00', 103);
insert into calendario (data, ora, id_attivita)
values ('2021-01-25', '12:00:00', 103);
insert into calendario (data, ora, id_attivita)
values ('2021-01-25', '15:00:00', 103);

insert into calendario (data, ora, id_attivita)
values ('2021-01-27', '09:00:00', 103);
insert into calendario (data, ora, id_attivita)
values ('2021-01-27', '12:00:00', 103);
insert into calendario (data, ora, id_attivita)
values ('2021-01-27', '15:00:00', 103);

insert into calendario (data, ora, id_attivita)
values ('2021-01-29', '09:00:00', 103);
insert into calendario (data, ora, id_attivita)
values ('2021-01-29', '12:00:00', 103);
insert into calendario (data, ora, id_attivita)
values ('2021-01-29', '15:00:00', 103);

/************* POPOLAMENTO CALENARIO *************/
/********** ATTIVITA FATTORIA DIDATTICA **********/
insert into calendario (data, ora, id_attivita)
values ('2020-12-03', '10:00:00', 200);

insert into calendario (data, ora, id_attivita)
values ('2020-12-07', '10:00:00', 200);
insert into calendario (data, ora, id_attivita)
values ('2020-12-10', '10:00:00', 200);

insert into calendario (data, ora, id_attivita)
values ('2020-12-14', '10:00:00', 200);
insert into calendario (data, ora, id_attivita)
values ('2020-12-17', '10:00:00', 200);

insert into calendario (data, ora, id_attivita)
values ('2020-12-21', '10:00:00', 200);
insert into calendario (data, ora, id_attivita)
values ('2021-01-07', '10:00:00', 200);

insert into calendario (data, ora, id_attivita)
values ('2021-01-11', '10:00:00', 200);
insert into calendario (data, ora, id_attivita)
values ('2021-01-14', '10:00:00', 200);

insert into calendario (data, ora, id_attivita)
values ('2021-01-18', '10:00:00', 200);
insert into calendario (data, ora, id_attivita)
values ('2021-01-21', '10:00:00', 200);

insert into calendario (data, ora, id_attivita)
values ('2021-01-25', '10:00:00', 200);
insert into calendario (data, ora, id_attivita)
values ('2021-01-28', '10:00:00', 200);

/*** ATTIVITA ESCURSIONE - CASCATA DELLA MARONNELLLA ***/
insert into calendario (data, ora, id_attivita)
values ('2020-12-01', '09:00:00', 300);
insert into calendario (data, ora, id_attivita)
values ('2020-12-01', '12:00:00', 300);
insert into calendario (data, ora, id_attivita)
values ('2020-12-01', '14:00:00', 300);

insert into calendario (data, ora, id_attivita)
values ('2020-12-03', '09:00:00', 300);
insert into calendario (data, ora, id_attivita)
values ('2020-12-03', '12:00:00', 300);
insert into calendario (data, ora, id_attivita)
values ('2020-12-03', '14:00:00', 300);

insert into calendario (data, ora, id_attivita)
values ('2020-12-04', '09:00:00', 300);
insert into calendario (data, ora, id_attivita)
values ('2020-12-04', '12:00:00', 300);
insert into calendario (data, ora, id_attivita)
values ('2020-12-04', '14:00:00', 300);

insert into calendario (data, ora, id_attivita)
values ('2020-12-08', '09:00:00', 300);
insert into calendario (data, ora, id_attivita)
values ('2020-12-08', '12:00:00', 300);
insert into calendario (data, ora, id_attivita)
values ('2020-12-08', '14:00:00', 300);

insert into calendario (data, ora, id_attivita)
values ('2020-12-10', '09:00:00', 300);
insert into calendario (data, ora, id_attivita)
values ('2020-12-10', '12:00:00', 300);
insert into calendario (data, ora, id_attivita)
values ('2020-12-10', '14:00:00', 300);

insert into calendario (data, ora, id_attivita)
values ('2020-12-11', '09:00:00', 300);
insert into calendario (data, ora, id_attivita)
values ('2020-12-11', '12:00:00', 300);
insert into calendario (data, ora, id_attivita)
values ('2020-12-11', '14:00:00', 300);

insert into calendario (data, ora, id_attivita)
values ('2020-12-15', '09:00:00', 300);
insert into calendario (data, ora, id_attivita)
values ('2020-12-15', '12:00:00', 300);
insert into calendario (data, ora, id_attivita)
values ('2020-12-15', '14:00:00', 300);

insert into calendario (data, ora, id_attivita)
values ('2020-12-17', '09:00:00', 300);
insert into calendario (data, ora, id_attivita)
values ('2020-12-17', '12:00:00', 300);
insert into calendario (data, ora, id_attivita)
values ('2020-12-17', '14:00:00', 300);

insert into calendario (data, ora, id_attivita)
values ('2020-12-18', '09:00:00', 300);
insert into calendario (data, ora, id_attivita)
values ('2020-12-18', '12:00:00', 300);
insert into calendario (data, ora, id_attivita)
values ('2020-12-18', '14:00:00', 300);

insert into calendario (data, ora, id_attivita)
values ('2020-12-22', '09:00:00', 300);
insert into calendario (data, ora, id_attivita)
values ('2020-12-22', '12:00:00', 300);
insert into calendario (data, ora, id_attivita)
values ('2020-12-22', '14:00:00', 300);

insert into calendario (data, ora, id_attivita)
values ('2021-01-05', '09:00:00', 300);
insert into calendario (data, ora, id_attivita)
values ('2021-01-05', '12:00:00', 300);
insert into calendario (data, ora, id_attivita)
values ('2021-01-05', '14:00:00', 300);

insert into calendario (data, ora, id_attivita)
values ('2021-01-07', '09:00:00', 300);
insert into calendario (data, ora, id_attivita)
values ('2021-01-07', '12:00:00', 300);
insert into calendario (data, ora, id_attivita)
values ('2021-01-07', '14:00:00', 300);

insert into calendario (data, ora, id_attivita)
values ('2021-01-08', '09:00:00', 300);
insert into calendario (data, ora, id_attivita)
values ('2021-01-08', '12:00:00', 300);
insert into calendario (data, ora, id_attivita)
values ('2021-01-08', '14:00:00', 300);

insert into calendario (data, ora, id_attivita)
values ('2021-01-12', '09:00:00', 300);
insert into calendario (data, ora, id_attivita)
values ('2021-01-12', '12:00:00', 300);
insert into calendario (data, ora, id_attivita)
values ('2021-01-12', '14:00:00', 300);

insert into calendario (data, ora, id_attivita)
values ('2021-01-14', '09:00:00', 300);
insert into calendario (data, ora, id_attivita)
values ('2021-01-14', '12:00:00', 300);
insert into calendario (data, ora, id_attivita)
values ('2021-01-14', '14:00:00', 300);

insert into calendario (data, ora, id_attivita)
values ('2021-01-15', '09:00:00', 300);
insert into calendario (data, ora, id_attivita)
values ('2021-01-15', '12:00:00', 300);
insert into calendario (data, ora, id_attivita)
values ('2021-01-15', '14:00:00', 300);

insert into calendario (data, ora, id_attivita)
values ('2021-01-19', '09:00:00', 300);
insert into calendario (data, ora, id_attivita)
values ('2021-01-19', '12:00:00', 300);
insert into calendario (data, ora, id_attivita)
values ('2021-01-19', '14:00:00', 300);

insert into calendario (data, ora, id_attivita)
values ('2021-01-21', '09:00:00', 300);
insert into calendario (data, ora, id_attivita)
values ('2021-01-21', '12:00:00', 300);
insert into calendario (data, ora, id_attivita)
values ('2021-01-21', '14:00:00', 300);

insert into calendario (data, ora, id_attivita)
values ('2021-01-22', '09:00:00', 300);
insert into calendario (data, ora, id_attivita)
values ('2021-01-22', '12:00:00', 300);
insert into calendario (data, ora, id_attivita)
values ('2021-01-22', '14:00:00', 300);

insert into calendario (data, ora, id_attivita)
values ('2021-01-26', '09:00:00', 300);
insert into calendario (data, ora, id_attivita)
values ('2021-01-26', '12:00:00', 300);
insert into calendario (data, ora, id_attivita)
values ('2021-01-26', '14:00:00', 300);

insert into calendario (data, ora, id_attivita)
values ('2021-01-28', '09:00:00', 300);
insert into calendario (data, ora, id_attivita)
values ('2021-01-28', '12:00:00', 300);
insert into calendario (data, ora, id_attivita)
values ('2021-01-28', '14:00:00', 300);

insert into calendario (data, ora, id_attivita)
values ('2021-01-29', '09:00:00', 300);
insert into calendario (data, ora, id_attivita)
values ('2021-01-29', '12:00:00', 300);
insert into calendario (data, ora, id_attivita)
values ('2021-01-29', '14:00:00', 300);

/*** ATTIVITA ESCURSIONE - PONTE DEL SOMARO ***/
insert into calendario (data, ora, id_attivita)
values ('2020-12-01', '09:00:00', 301);
insert into calendario (data, ora, id_attivita)
values ('2020-12-01', '12:00:00', 301);
insert into calendario (data, ora, id_attivita)
values ('2020-12-01', '14:00:00', 301);

insert into calendario (data, ora, id_attivita)
values ('2020-12-03', '09:00:00', 301);
insert into calendario (data, ora, id_attivita)
values ('2020-12-03', '12:00:00', 301);
insert into calendario (data, ora, id_attivita)
values ('2020-12-03', '14:00:00', 301);

insert into calendario (data, ora, id_attivita)
values ('2020-12-04', '09:00:00', 301);
insert into calendario (data, ora, id_attivita)
values ('2020-12-04', '12:00:00', 301);
insert into calendario (data, ora, id_attivita)
values ('2020-12-04', '14:00:00', 301);

insert into calendario (data, ora, id_attivita)
values ('2020-12-08', '09:00:00', 301);
insert into calendario (data, ora, id_attivita)
values ('2020-12-08', '12:00:00', 301);
insert into calendario (data, ora, id_attivita)
values ('2020-12-08', '14:00:00', 301);

insert into calendario (data, ora, id_attivita)
values ('2020-12-10', '09:00:00', 301);
insert into calendario (data, ora, id_attivita)
values ('2020-12-10', '12:00:00', 301);
insert into calendario (data, ora, id_attivita)
values ('2020-12-10', '14:00:00', 301);

insert into calendario (data, ora, id_attivita)
values ('2020-12-11', '09:00:00', 301);
insert into calendario (data, ora, id_attivita)
values ('2020-12-11', '12:00:00', 301);
insert into calendario (data, ora, id_attivita)
values ('2020-12-11', '14:00:00', 301);

insert into calendario (data, ora, id_attivita)
values ('2020-12-15', '09:00:00', 301);
insert into calendario (data, ora, id_attivita)
values ('2020-12-15', '12:00:00', 301);
insert into calendario (data, ora, id_attivita)
values ('2020-12-15', '14:00:00', 301);

insert into calendario (data, ora, id_attivita)
values ('2020-12-17', '09:00:00', 301);
insert into calendario (data, ora, id_attivita)
values ('2020-12-17', '12:00:00', 301);
insert into calendario (data, ora, id_attivita)
values ('2020-12-17', '14:00:00', 301);

insert into calendario (data, ora, id_attivita)
values ('2020-12-18', '09:00:00', 301);
insert into calendario (data, ora, id_attivita)
values ('2020-12-18', '12:00:00', 301);
insert into calendario (data, ora, id_attivita)
values ('2020-12-18', '14:00:00', 301);

insert into calendario (data, ora, id_attivita)
values ('2020-12-22', '09:00:00', 301);
insert into calendario (data, ora, id_attivita)
values ('2020-12-22', '12:00:00', 301);
insert into calendario (data, ora, id_attivita)
values ('2020-12-22', '14:00:00', 301);

insert into calendario (data, ora, id_attivita)
values ('2021-01-05', '09:00:00', 301);
insert into calendario (data, ora, id_attivita)
values ('2021-01-05', '12:00:00', 301);
insert into calendario (data, ora, id_attivita)
values ('2021-01-05', '14:00:00', 301);

insert into calendario (data, ora, id_attivita)
values ('2021-01-07', '09:00:00', 301);
insert into calendario (data, ora, id_attivita)
values ('2021-01-07', '12:00:00', 301);
insert into calendario (data, ora, id_attivita)
values ('2021-01-07', '14:00:00', 301);

insert into calendario (data, ora, id_attivita)
values ('2021-01-08', '09:00:00', 301);
insert into calendario (data, ora, id_attivita)
values ('2021-01-08', '12:00:00', 301);
insert into calendario (data, ora, id_attivita)
values ('2021-01-08', '14:00:00', 301);

insert into calendario (data, ora, id_attivita)
values ('2021-01-12', '09:00:00', 301);
insert into calendario (data, ora, id_attivita)
values ('2021-01-12', '12:00:00', 301);
insert into calendario (data, ora, id_attivita)
values ('2021-01-12', '14:00:00', 301);

insert into calendario (data, ora, id_attivita)
values ('2021-01-14', '09:00:00', 301);
insert into calendario (data, ora, id_attivita)
values ('2021-01-14', '12:00:00', 301);
insert into calendario (data, ora, id_attivita)
values ('2021-01-14', '14:00:00', 301);

insert into calendario (data, ora, id_attivita)
values ('2021-01-15', '09:00:00', 301);
insert into calendario (data, ora, id_attivita)
values ('2021-01-15', '12:00:00', 301);
insert into calendario (data, ora, id_attivita)
values ('2021-01-15', '14:00:00', 301);

insert into calendario (data, ora, id_attivita)
values ('2021-01-19', '09:00:00', 301);
insert into calendario (data, ora, id_attivita)
values ('2021-01-19', '12:00:00', 301);
insert into calendario (data, ora, id_attivita)
values ('2021-01-19', '14:00:00', 301);

insert into calendario (data, ora, id_attivita)
values ('2021-01-21', '09:00:00', 301);
insert into calendario (data, ora, id_attivita)
values ('2021-01-21', '12:00:00', 301);
insert into calendario (data, ora, id_attivita)
values ('2021-01-21', '14:00:00', 301);

insert into calendario (data, ora, id_attivita)
values ('2021-01-22', '09:00:00', 301);
insert into calendario (data, ora, id_attivita)
values ('2021-01-22', '12:00:00', 301);
insert into calendario (data, ora, id_attivita)
values ('2021-01-22', '14:00:00', 301);

insert into calendario (data, ora, id_attivita)
values ('2021-01-26', '09:00:00', 301);
insert into calendario (data, ora, id_attivita)
values ('2021-01-26', '12:00:00', 301);
insert into calendario (data, ora, id_attivita)
values ('2021-01-26', '14:00:00', 301);

insert into calendario (data, ora, id_attivita)
values ('2021-01-28', '09:00:00', 301);
insert into calendario (data, ora, id_attivita)
values ('2021-01-28', '12:00:00', 301);
insert into calendario (data, ora, id_attivita)
values ('2021-01-28', '14:00:00', 301);

insert into calendario (data, ora, id_attivita)
values ('2021-01-29', '09:00:00', 301);
insert into calendario (data, ora, id_attivita)
values ('2021-01-29', '12:00:00', 301);
insert into calendario (data, ora, id_attivita)
values ('2021-01-29', '14:00:00', 301);

/*** ATTIVITA ESCURSIONE - RITROVO DEI CACCIATORI ***/
insert into calendario (data, ora, id_attivita)
values ('2020-12-01', '09:00:00', 302);
insert into calendario (data, ora, id_attivita)
values ('2020-12-01', '12:00:00', 302);
insert into calendario (data, ora, id_attivita)
values ('2020-12-01', '14:00:00', 302);

insert into calendario (data, ora, id_attivita)
values ('2020-12-03', '09:00:00', 302);
insert into calendario (data, ora, id_attivita)
values ('2020-12-03', '12:00:00', 302);
insert into calendario (data, ora, id_attivita)
values ('2020-12-03', '14:00:00', 302);

insert into calendario (data, ora, id_attivita)
values ('2020-12-04', '09:00:00', 302);
insert into calendario (data, ora, id_attivita)
values ('2020-12-04', '12:00:00', 302);
insert into calendario (data, ora, id_attivita)
values ('2020-12-04', '14:00:00', 302);

insert into calendario (data, ora, id_attivita)
values ('2020-12-08', '09:00:00', 302);
insert into calendario (data, ora, id_attivita)
values ('2020-12-08', '12:00:00', 302);
insert into calendario (data, ora, id_attivita)
values ('2020-12-08', '14:00:00', 302);

insert into calendario (data, ora, id_attivita)
values ('2020-12-10', '09:00:00', 302);
insert into calendario (data, ora, id_attivita)
values ('2020-12-10', '12:00:00', 302);
insert into calendario (data, ora, id_attivita)
values ('2020-12-10', '14:00:00', 302);

insert into calendario (data, ora, id_attivita)
values ('2020-12-11', '09:00:00', 302);
insert into calendario (data, ora, id_attivita)
values ('2020-12-11', '12:00:00', 302);
insert into calendario (data, ora, id_attivita)
values ('2020-12-11', '14:00:00', 302);

insert into calendario (data, ora, id_attivita)
values ('2020-12-15', '09:00:00', 302);
insert into calendario (data, ora, id_attivita)
values ('2020-12-15', '12:00:00', 302);
insert into calendario (data, ora, id_attivita)
values ('2020-12-15', '14:00:00', 302);

insert into calendario (data, ora, id_attivita)
values ('2020-12-17', '09:00:00', 302);
insert into calendario (data, ora, id_attivita)
values ('2020-12-17', '12:00:00', 302);
insert into calendario (data, ora, id_attivita)
values ('2020-12-17', '14:00:00', 302);

insert into calendario (data, ora, id_attivita)
values ('2020-12-18', '09:00:00', 302);
insert into calendario (data, ora, id_attivita)
values ('2020-12-18', '12:00:00', 302);
insert into calendario (data, ora, id_attivita)
values ('2020-12-18', '14:00:00', 302);

insert into calendario (data, ora, id_attivita)
values ('2020-12-22', '09:00:00', 302);
insert into calendario (data, ora, id_attivita)
values ('2020-12-22', '12:00:00', 302);
insert into calendario (data, ora, id_attivita)
values ('2020-12-22', '14:00:00', 302);

insert into calendario (data, ora, id_attivita)
values ('2021-01-05', '09:00:00', 302);
insert into calendario (data, ora, id_attivita)
values ('2021-01-05', '12:00:00', 302);
insert into calendario (data, ora, id_attivita)
values ('2021-01-05', '14:00:00', 302);

insert into calendario (data, ora, id_attivita)
values ('2021-01-07', '09:00:00', 302);
insert into calendario (data, ora, id_attivita)
values ('2021-01-07', '12:00:00', 302);
insert into calendario (data, ora, id_attivita)
values ('2021-01-07', '14:00:00', 302);

insert into calendario (data, ora, id_attivita)
values ('2021-01-08', '09:00:00', 302);
insert into calendario (data, ora, id_attivita)
values ('2021-01-08', '12:00:00', 302);
insert into calendario (data, ora, id_attivita)
values ('2021-01-08', '14:00:00', 302);

insert into calendario (data, ora, id_attivita)
values ('2021-01-12', '09:00:00', 302);
insert into calendario (data, ora, id_attivita)
values ('2021-01-12', '12:00:00', 302);
insert into calendario (data, ora, id_attivita)
values ('2021-01-12', '14:00:00', 302);

insert into calendario (data, ora, id_attivita)
values ('2021-01-14', '09:00:00', 302);
insert into calendario (data, ora, id_attivita)
values ('2021-01-14', '12:00:00', 302);
insert into calendario (data, ora, id_attivita)
values ('2021-01-14', '14:00:00', 302);

insert into calendario (data, ora, id_attivita)
values ('2021-01-15', '09:00:00', 302);
insert into calendario (data, ora, id_attivita)
values ('2021-01-15', '12:00:00', 302);
insert into calendario (data, ora, id_attivita)
values ('2021-01-15', '14:00:00', 302);

insert into calendario (data, ora, id_attivita)
values ('2021-01-19', '09:00:00', 302);
insert into calendario (data, ora, id_attivita)
values ('2021-01-19', '12:00:00', 302);
insert into calendario (data, ora, id_attivita)
values ('2021-01-19', '14:00:00', 302);

insert into calendario (data, ora, id_attivita)
values ('2021-01-21', '09:00:00', 302);
insert into calendario (data, ora, id_attivita)
values ('2021-01-21', '12:00:00', 302);
insert into calendario (data, ora, id_attivita)
values ('2021-01-21', '14:00:00', 302);

insert into calendario (data, ora, id_attivita)
values ('2021-01-22', '09:00:00', 302);
insert into calendario (data, ora, id_attivita)
values ('2021-01-22', '12:00:00', 302);
insert into calendario (data, ora, id_attivita)
values ('2021-01-22', '14:00:00', 302);

insert into calendario (data, ora, id_attivita)
values ('2021-01-26', '09:00:00', 302);
insert into calendario (data, ora, id_attivita)
values ('2021-01-26', '12:00:00', 302);
insert into calendario (data, ora, id_attivita)
values ('2021-01-26', '14:00:00', 302);

insert into calendario (data, ora, id_attivita)
values ('2021-01-28', '09:00:00', 302);
insert into calendario (data, ora, id_attivita)
values ('2021-01-28', '12:00:00', 302);
insert into calendario (data, ora, id_attivita)
values ('2021-01-28', '14:00:00', 302);

insert into calendario (data, ora, id_attivita)
values ('2021-01-29', '09:00:00', 302);
insert into calendario (data, ora, id_attivita)
values ('2021-01-29', '12:00:00', 302);
insert into calendario (data, ora, id_attivita)
values ('2021-01-29', '14:00:00', 302);

/*** ATTIVITA ESCURSIONE - FIMO A VALLE ***/
insert into calendario (data, ora, id_attivita)
values ('2020-12-01', '09:00:00', 303);
insert into calendario (data, ora, id_attivita)
values ('2020-12-01', '12:00:00', 303);
insert into calendario (data, ora, id_attivita)
values ('2020-12-01', '14:00:00', 303);

insert into calendario (data, ora, id_attivita)
values ('2020-12-03', '09:00:00', 303);
insert into calendario (data, ora, id_attivita)
values ('2020-12-03', '12:00:00', 303);
insert into calendario (data, ora, id_attivita)
values ('2020-12-03', '14:00:00', 303);

insert into calendario (data, ora, id_attivita)
values ('2020-12-04', '09:00:00', 303);
insert into calendario (data, ora, id_attivita)
values ('2020-12-04', '12:00:00', 303);
insert into calendario (data, ora, id_attivita)
values ('2020-12-04', '14:00:00', 303);

insert into calendario (data, ora, id_attivita)
values ('2020-12-08', '09:00:00', 303);
insert into calendario (data, ora, id_attivita)
values ('2020-12-08', '12:00:00', 303);
insert into calendario (data, ora, id_attivita)
values ('2020-12-08', '14:00:00', 303);

insert into calendario (data, ora, id_attivita)
values ('2020-12-10', '09:00:00', 303);
insert into calendario (data, ora, id_attivita)
values ('2020-12-10', '12:00:00', 303);
insert into calendario (data, ora, id_attivita)
values ('2020-12-10', '14:00:00', 303);

insert into calendario (data, ora, id_attivita)
values ('2020-12-11', '09:00:00', 303);
insert into calendario (data, ora, id_attivita)
values ('2020-12-11', '12:00:00', 303);
insert into calendario (data, ora, id_attivita)
values ('2020-12-11', '14:00:00', 303);

insert into calendario (data, ora, id_attivita)
values ('2020-12-15', '09:00:00', 303);
insert into calendario (data, ora, id_attivita)
values ('2020-12-15', '12:00:00', 303);
insert into calendario (data, ora, id_attivita)
values ('2020-12-15', '14:00:00', 303);

insert into calendario (data, ora, id_attivita)
values ('2020-12-17', '09:00:00', 303);
insert into calendario (data, ora, id_attivita)
values ('2020-12-17', '12:00:00', 303);
insert into calendario (data, ora, id_attivita)
values ('2020-12-17', '14:00:00', 303);

insert into calendario (data, ora, id_attivita)
values ('2020-12-18', '09:00:00', 303);
insert into calendario (data, ora, id_attivita)
values ('2020-12-18', '12:00:00', 303);
insert into calendario (data, ora, id_attivita)
values ('2020-12-18', '14:00:00', 303);

insert into calendario (data, ora, id_attivita)
values ('2020-12-22', '09:00:00', 303);
insert into calendario (data, ora, id_attivita)
values ('2020-12-22', '12:00:00', 303);
insert into calendario (data, ora, id_attivita)
values ('2020-12-22', '14:00:00', 303);

insert into calendario (data, ora, id_attivita)
values ('2021-01-05', '09:00:00', 303);
insert into calendario (data, ora, id_attivita)
values ('2021-01-05', '12:00:00', 303);
insert into calendario (data, ora, id_attivita)
values ('2021-01-05', '14:00:00', 303);

insert into calendario (data, ora, id_attivita)
values ('2021-01-07', '09:00:00', 303);
insert into calendario (data, ora, id_attivita)
values ('2021-01-07', '12:00:00', 303);
insert into calendario (data, ora, id_attivita)
values ('2021-01-07', '14:00:00', 303);

insert into calendario (data, ora, id_attivita)
values ('2021-01-08', '09:00:00', 303);
insert into calendario (data, ora, id_attivita)
values ('2021-01-08', '12:00:00', 303);
insert into calendario (data, ora, id_attivita)
values ('2021-01-08', '14:00:00', 303);

insert into calendario (data, ora, id_attivita)
values ('2021-01-12', '09:00:00', 303);
insert into calendario (data, ora, id_attivita)
values ('2021-01-12', '12:00:00', 303);
insert into calendario (data, ora, id_attivita)
values ('2021-01-12', '14:00:00', 303);

insert into calendario (data, ora, id_attivita)
values ('2021-01-14', '09:00:00', 303);
insert into calendario (data, ora, id_attivita)
values ('2021-01-14', '12:00:00', 303);
insert into calendario (data, ora, id_attivita)
values ('2021-01-14', '14:00:00', 303);

insert into calendario (data, ora, id_attivita)
values ('2021-01-15', '09:00:00', 303);
insert into calendario (data, ora, id_attivita)
values ('2021-01-15', '12:00:00', 303);
insert into calendario (data, ora, id_attivita)
values ('2021-01-15', '14:00:00', 303);

insert into calendario (data, ora, id_attivita)
values ('2021-01-19', '09:00:00', 303);
insert into calendario (data, ora, id_attivita)
values ('2021-01-19', '12:00:00', 303);
insert into calendario (data, ora, id_attivita)
values ('2021-01-19', '14:00:00', 303);

insert into calendario (data, ora, id_attivita)
values ('2021-01-21', '09:00:00', 303);
insert into calendario (data, ora, id_attivita)
values ('2021-01-21', '12:00:00', 303);
insert into calendario (data, ora, id_attivita)
values ('2021-01-21', '14:00:00', 303);

insert into calendario (data, ora, id_attivita)
values ('2021-01-22', '09:00:00', 303);
insert into calendario (data, ora, id_attivita)
values ('2021-01-22', '12:00:00', 303);
insert into calendario (data, ora, id_attivita)
values ('2021-01-22', '14:00:00', 303);

insert into calendario (data, ora, id_attivita)
values ('2021-01-26', '09:00:00', 303);
insert into calendario (data, ora, id_attivita)
values ('2021-01-26', '12:00:00', 303);
insert into calendario (data, ora, id_attivita)
values ('2021-01-26', '14:00:00', 303);

insert into calendario (data, ora, id_attivita)
values ('2021-01-28', '09:00:00', 303);
insert into calendario (data, ora, id_attivita)
values ('2021-01-28', '12:00:00', 303);
insert into calendario (data, ora, id_attivita)
values ('2021-01-28', '14:00:00', 303);

insert into calendario (data, ora, id_attivita)
values ('2021-01-29', '09:00:00', 303);
insert into calendario (data, ora, id_attivita)
values ('2021-01-29', '12:00:00', 303);
insert into calendario (data, ora, id_attivita)
values ('2021-01-29', '14:00:00', 303);

/************* ATTIVITA BALNEAZIONE **************/
/****** CHIUSA DURANTE IL PERIODO INVERNALE ******/

/*************** ATTIVITA PIC NIC ****************/
insert into calendario (data, ora, id_attivita)
values ('2020-12-01', '12:00:00', 500);
insert into calendario (data, ora, id_attivita)
values ('2020-12-01', '18:00:00', 500);

insert into calendario (data, ora, id_attivita)
values ('2020-12-02', '12:00:00', 500);
insert into calendario (data, ora, id_attivita)
values ('2020-12-02', '18:00:00', 500);

insert into calendario (data, ora, id_attivita)
values ('2020-12-03', '12:00:00', 500);
insert into calendario (data, ora, id_attivita)
values ('2020-12-03', '18:00:00', 500);

insert into calendario (data, ora, id_attivita)
values ('2020-12-04', '12:00:00', 500);
insert into calendario (data, ora, id_attivita)
values ('2020-12-04', '18:00:00', 500);

insert into calendario (data, ora, id_attivita)
values ('2020-12-05', '12:00:00', 500);
insert into calendario (data, ora, id_attivita)
values ('2020-12-05', '18:00:00', 500);

insert into calendario (data, ora, id_attivita)
values ('2020-12-06', '12:00:00', 500);
insert into calendario (data, ora, id_attivita)
values ('2020-12-06', '18:00:00', 500);

insert into calendario (data, ora, id_attivita)
values ('2020-12-07', '12:00:00', 500);
insert into calendario (data, ora, id_attivita)
values ('2020-12-07', '18:00:00', 500);

insert into calendario (data, ora, id_attivita)
values ('2020-12-08', '12:00:00', 500);
insert into calendario (data, ora, id_attivita)
values ('2020-12-08', '18:00:00', 500);

insert into calendario (data, ora, id_attivita)
values ('2020-12-09', '12:00:00', 500);
insert into calendario (data, ora, id_attivita)
values ('2020-12-09', '18:00:00', 500);

insert into calendario (data, ora, id_attivita)
values ('2020-12-10', '12:00:00', 500);
insert into calendario (data, ora, id_attivita)
values ('2020-12-10', '18:00:00', 500);

insert into calendario (data, ora, id_attivita)
values ('2020-12-11', '12:00:00', 500);
insert into calendario (data, ora, id_attivita)
values ('2020-12-11', '18:00:00', 500);

insert into calendario (data, ora, id_attivita)
values ('2020-12-12', '12:00:00', 500);
insert into calendario (data, ora, id_attivita)
values ('2020-12-12', '18:00:00', 500);

insert into calendario (data, ora, id_attivita)
values ('2020-12-13', '12:00:00', 500);
insert into calendario (data, ora, id_attivita)
values ('2020-12-13', '18:00:00', 500);

insert into calendario (data, ora, id_attivita)
values ('2020-12-14', '12:00:00', 500);
insert into calendario (data, ora, id_attivita)
values ('2020-12-14', '18:00:00', 500);

insert into calendario (data, ora, id_attivita)
values ('2020-12-15', '12:00:00', 500);
insert into calendario (data, ora, id_attivita)
values ('2020-12-15', '18:00:00', 500);

insert into calendario (data, ora, id_attivita)
values ('2020-12-16', '12:00:00', 500);
insert into calendario (data, ora, id_attivita)
values ('2020-12-16', '18:00:00', 500);

insert into calendario (data, ora, id_attivita)
values ('2020-12-17', '12:00:00', 500);
insert into calendario (data, ora, id_attivita)
values ('2020-12-17', '18:00:00', 500);

insert into calendario (data, ora, id_attivita)
values ('2020-12-18', '12:00:00', 500);
insert into calendario (data, ora, id_attivita)
values ('2020-12-18', '18:00:00', 500);

insert into calendario (data, ora, id_attivita)
values ('2020-12-19', '12:00:00', 500);
insert into calendario (data, ora, id_attivita)
values ('2020-12-19', '18:00:00', 500);

insert into calendario (data, ora, id_attivita)
values ('2020-12-20', '12:00:00', 500);
insert into calendario (data, ora, id_attivita)
values ('2020-12-20', '18:00:00', 500);

insert into calendario (data, ora, id_attivita)
values ('2020-12-21', '12:00:00', 500);
insert into calendario (data, ora, id_attivita)
values ('2020-12-21', '18:00:00', 500);

insert into calendario (data, ora, id_attivita)
values ('2020-12-22', '12:00:00', 500);
insert into calendario (data, ora, id_attivita)
values ('2020-12-22', '18:00:00', 500);

insert into calendario (data, ora, id_attivita)
values ('2020-12-23', '12:00:00', 500);
insert into calendario (data, ora, id_attivita)
values ('2020-12-23', '18:00:00', 500);

insert into calendario (data, ora, id_attivita)
values ('2020-12-26', '12:00:00', 500);
insert into calendario (data, ora, id_attivita)
values ('2020-12-26', '18:00:00', 500);

insert into calendario (data, ora, id_attivita)
values ('2020-12-27', '12:00:00', 500);
insert into calendario (data, ora, id_attivita)
values ('2020-12-27', '18:00:00', 500);

insert into calendario (data, ora, id_attivita)
values ('2020-12-28', '12:00:00', 500);
insert into calendario (data, ora, id_attivita)
values ('2020-12-28', '18:00:00', 500);

insert into calendario (data, ora, id_attivita)
values ('2020-12-29', '12:00:00', 500);
insert into calendario (data, ora, id_attivita)
values ('2020-12-29', '18:00:00', 500);

insert into calendario (data, ora, id_attivita)
values ('2020-12-30', '12:00:00', 500);
insert into calendario (data, ora, id_attivita)
values ('2020-12-30', '18:00:00', 500);

insert into calendario (data, ora, id_attivita)
values ('2021-01-02', '12:00:00', 500);
insert into calendario (data, ora, id_attivita)
values ('2021-01-02', '18:00:00', 500);

insert into calendario (data, ora, id_attivita)
values ('2021-01-03', '12:00:00', 500);
insert into calendario (data, ora, id_attivita)
values ('2021-01-03', '18:00:00', 500);

insert into calendario (data, ora, id_attivita)
values ('2021-01-04', '12:00:00', 500);
insert into calendario (data, ora, id_attivita)
values ('2021-01-04', '18:00:00', 500);

insert into calendario (data, ora, id_attivita)
values ('2021-01-05', '12:00:00', 500);
insert into calendario (data, ora, id_attivita)
values ('2021-01-05', '18:00:00', 500);

insert into calendario (data, ora, id_attivita)
values ('2021-01-06', '12:00:00', 500);
insert into calendario (data, ora, id_attivita)
values ('2021-01-06', '18:00:00', 500);

insert into calendario (data, ora, id_attivita)
values ('2021-01-07', '12:00:00', 500);
insert into calendario (data, ora, id_attivita)
values ('2021-01-07', '18:00:00', 500);

insert into calendario (data, ora, id_attivita)
values ('2021-01-08', '12:00:00', 500);
insert into calendario (data, ora, id_attivita)
values ('2021-01-08', '18:00:00', 500);

insert into calendario (data, ora, id_attivita)
values ('2021-01-09', '12:00:00', 500);
insert into calendario (data, ora, id_attivita)
values ('2021-01-09', '18:00:00', 500);

insert into calendario (data, ora, id_attivita)
values ('2021-01-10', '12:00:00', 500);
insert into calendario (data, ora, id_attivita)
values ('2021-01-10', '18:00:00', 500);

insert into calendario (data, ora, id_attivita)
values ('2021-01-11', '12:00:00', 500);
insert into calendario (data, ora, id_attivita)
values ('2021-01-11', '18:00:00', 500);

insert into calendario (data, ora, id_attivita)
values ('2021-01-12', '12:00:00', 500);
insert into calendario (data, ora, id_attivita)
values ('2021-01-12', '18:00:00', 500);

insert into calendario (data, ora, id_attivita)
values ('2021-01-13', '12:00:00', 500);
insert into calendario (data, ora, id_attivita)
values ('2021-01-13', '18:00:00', 500);

insert into calendario (data, ora, id_attivita)
values ('2021-01-14', '12:00:00', 500);
insert into calendario (data, ora, id_attivita)
values ('2021-01-14', '18:00:00', 500);

insert into calendario (data, ora, id_attivita)
values ('2021-01-15', '12:00:00', 500);
insert into calendario (data, ora, id_attivita)
values ('2021-01-15', '18:00:00', 500);

insert into calendario (data, ora, id_attivita)
values ('2021-01-16', '12:00:00', 500);
insert into calendario (data, ora, id_attivita)
values ('2021-01-16', '18:00:00', 500);

insert into calendario (data, ora, id_attivita)
values ('2021-01-17', '12:00:00', 500);
insert into calendario (data, ora, id_attivita)
values ('2021-01-17', '18:00:00', 500);

insert into calendario (data, ora, id_attivita)
values ('2021-01-18', '12:00:00', 500);
insert into calendario (data, ora, id_attivita)
values ('2021-01-18', '18:00:00', 500);

insert into calendario (data, ora, id_attivita)
values ('2021-01-19', '12:00:00', 500);
insert into calendario (data, ora, id_attivita)
values ('2021-01-19', '18:00:00', 500);

insert into calendario (data, ora, id_attivita)
values ('2021-01-20', '12:00:00', 500);
insert into calendario (data, ora, id_attivita)
values ('2021-01-20', '18:00:00', 500);

insert into calendario (data, ora, id_attivita)
values ('2021-01-21', '12:00:00', 500);
insert into calendario (data, ora, id_attivita)
values ('2021-01-21', '18:00:00', 500);

insert into calendario (data, ora, id_attivita)
values ('2021-01-22', '12:00:00', 500);
insert into calendario (data, ora, id_attivita)
values ('2021-01-22', '18:00:00', 500);

insert into calendario (data, ora, id_attivita)
values ('2021-01-23', '12:00:00', 500);
insert into calendario (data, ora, id_attivita)
values ('2021-01-23', '18:00:00', 500);

insert into calendario (data, ora, id_attivita)
values ('2021-01-24', '12:00:00', 500);
insert into calendario (data, ora, id_attivita)
values ('2021-01-24', '18:00:00', 500);

insert into calendario (data, ora, id_attivita)
values ('2021-01-25', '12:00:00', 500);
insert into calendario (data, ora, id_attivita)
values ('2021-01-25', '18:00:00', 500);

insert into calendario (data, ora, id_attivita)
values ('2021-01-26', '12:00:00', 500);
insert into calendario (data, ora, id_attivita)
values ('2021-01-26', '18:00:00', 500);

insert into calendario (data, ora, id_attivita)
values ('2021-01-27', '12:00:00', 500);
insert into calendario (data, ora, id_attivita)
values ('2021-01-27', '18:00:00', 500);

insert into calendario (data, ora, id_attivita)
values ('2021-01-28', '12:00:00', 500);
insert into calendario (data, ora, id_attivita)
values ('2021-01-28', '18:00:00', 500);

insert into calendario (data, ora, id_attivita)
values ('2021-01-29', '12:00:00', 500);
insert into calendario (data, ora, id_attivita)
values ('2021-01-29', '18:00:00', 500);

insert into calendario (data, ora, id_attivita)
values ('2021-01-30', '12:00:00', 500);
insert into calendario (data, ora, id_attivita)
values ('2021-01-30', '18:00:00', 500);

insert into calendario (data, ora, id_attivita)
values ('2021-01-31', '12:00:00', 500);
insert into calendario (data, ora, id_attivita)
values ('2021-01-31', '18:00:00', 500);

/************* POPOLAMENTO RIEPILOGO, UTENTE E CARTADICREDITO *************/
insert into riepilogoordine (id_riepilogo)
values (1000);
insert into utente (email, password, nome, cognome, data_nascita, citta, indirizzo, id_riepilogo)
values ('mariorossi@gmail.com', 'mariorossi67', 'Mario', 'Rossi', '1967-08-21', 'Salerno', 'Via dei fiori, 18', 1000);
insert into cartaDiCredito (numero, intestatario, scadenza, cvv, email)
values ('0055123412341234', 'Mario Rossi', '2025-03-01', 123, 'mariorossi@gmail.com');

insert into riepilogoordine (id_riepilogo)
values (1001);
insert into utente (email, password, nome, cognome, data_nascita, citta, indirizzo, id_riepilogo)
values ('luigigiallo@gmail.com', 'LuigiGiallo1', 'Luigi', 'Giallo', '1989-11-02', 'Salerno', 'Via dei vicoli, 2', 1001);
insert into cartaDiCredito (numero, intestatario, scadenza, cvv, email)
values ('0055678967896789', 'Luigi Giallo', '2023-07-01', 678, 'luigigiallo@gmail.com');

insert into riepilogoordine (id_riepilogo)
values (1002);
insert into utente (email, password, nome, cognome, data_nascita, citta, indirizzo, id_riepilogo)
values ('avellinese1@gmail.com', 'forzaavellino', 'Rocco', 'Verdi', '1980-01-03', 'Avellino', 'Via bella, 21', 1002);

insert into riepilogoordine (id_riepilogo)
values (1003);
insert into utente (email, password, nome, cognome, data_nascita, citta, indirizzo, id_riepilogo)
values ('lucaaas8@outlook.it', 'lucaaas22', 'Luca', 'Blu', '1992-04-22', 'Avellino', 'Via buca, 8', 1003);
insert into cartaDiCredito (numero, intestatario, scadenza, cvv, email)
values ('0055145615671890', 'Luca Blu', '2022-02-01', 890, 'lucaaas8@outlook.it');
insert into cartaDiCredito (numero, intestatario, scadenza, cvv, email)
values ('0055456723457654', 'Luca Blu', '2026-02-01', 432, 'lucaaas8@outlook.it');

insert into riepilogoordine (id_riepilogo)
values (1004);
insert into utente (email, password, nome, cognome, data_nascita, citta, indirizzo, id_riepilogo)
values ('mariorossi68@gmail.com', 'mariorossi68', 'Mario', 'Rossi', '1968-09-22', 'Salerno', 'Via dei ciottoli, 87', 1004);
insert into cartaDiCredito (numero, intestatario, scadenza, cvv, email)
values ('0055654387659876', 'Mario Rossi', '2023-09-01', 345, 'mariorossi68@gmail.com');

insert into riepilogoordine (id_riepilogo)
values (1005);
insert into utente (email, password, nome, cognome, data_nascita, citta, indirizzo, id_riepilogo)
values ('nerocarmine@gmail.com', 'ilnero89carmine', 'Carmine', 'Nero', '1980-07-30', 'Salerno', 'Via della pesca, 4', 1005);
insert into cartaDiCredito (numero, intestatario, scadenza, cvv, email)
values ('0055234565436789', 'Carmine Nero', '2021-05-01', 642, 'nerocarmine@gmail.com');

insert into riepilogoordine (id_riepilogo)
values (1006);
insert into utente (email, password, nome, cognome, data_nascita, citta, indirizzo, id_riepilogo)
values ('pasqualebelli2@gmail.com', 'bellipasqua2', 'Pasquale', 'Belli', '1979-06-12', 'Salerno', 'Via dei petali, 3', 1006);

insert into riepilogoordine (id_riepilogo)
values (1007);
insert into utente (email, password, nome, cognome, data_nascita, citta, indirizzo, id_riepilogo)
values ('bianchigino@gmail.com', 'GinoBianchi', 'Gino', 'Bianchi', '1987-04-13', 'Salerno', 'Via delle ginestre, 67', 1007);
insert into cartaDiCredito (numero, intestatario, scadenza, cvv, email)
values ('0088654786345612', 'Gino Bianchi', '2026-01-01', 124, 'bianchigino@gmail.com');
insert into cartaDiCredito (numero, intestatario, scadenza, cvv, email)
values ('0055225545346754', 'Gino Bianchi', '2022-01-01', 549, 'bianchigino@gmail.com');

insert into riepilogoordine (id_riepilogo)
values (1008);
insert into utente (email, password, nome, cognome, data_nascita, citta, indirizzo, id_riepilogo)
values ('rossi9.luca@gmail.com', 'rossiLuca9', 'Luca', 'Rossi', '1990-01-31', 'Salerno', 'Via del mare, 4', 1008);
insert into cartaDiCredito (numero, intestatario, scadenza, cvv, email)
values ('0055335566774488', 'Luca Rossi', '2023-11-01', 543, 'rossi9.luca@gmail.com');


insert into riepilogoordine (id_riepilogo)
values (1009);
insert into utente (email, password, nome, cognome, data_nascita, citta, indirizzo, id_riepilogo)
values ('ilgiusti@gmail.com', 'giustimarco', 'Marco', 'Giusti', '1992-03-04', 'Salerno', 'Via strada, 3', 1009);
insert into cartaDiCredito (numero, intestatario, scadenza, cvv, email)
values ('0088654534678765', 'Luca Rossi', '2022-11-01', 344, 'ilgiusti@gmail.com');

insert into riepilogoordine (id_riepilogo)
values (1010);
insert into utente (email, password, nome, cognome, data_nascita, citta, indirizzo, id_riepilogo)
values ('genni.90@gmail.com', 'caivanoGenni', 'Gennaro', 'Caivano', '1990-09-22', 'Salerno', 'Via dei pandoro, 1', 1010);
insert into cartaDiCredito (numero, intestatario, scadenza, cvv, email)
values ('0099456734561289', 'Gennaro Caivano', '2023-12-01', 744, 'genni.90@gmail.com');

insert into riepilogoordine (id_riepilogo)
values (1011);
insert into utente (email, password, nome, cognome, data_nascita, citta, indirizzo, id_riepilogo)
values ('esposito.luca80@gmail.com', 'esposito.80', 'Luca', 'Esposito', '1980-10-07', 'Napoli', 'Via dei tribuanli, 8', 1011);
insert into cartaDiCredito (numero, intestatario, scadenza, cvv, email)
values ('0066453478654532', 'Luca Esposito', '2025-02-01', 345, 'esposito.luca80@gmail.com');

insert into riepilogoordine (id_riepilogo)
values (1012);
insert into utente (email, password, nome, cognome, data_nascita, citta, indirizzo, id_riepilogo)
values ('mario8capece@gmail.com', 'capecemario8', 'Mario', 'Capece', '1995-08-21', 'Napoli', 'Via dei carciofi, 5', 1012);

insert into riepilogoordine (id_riepilogo)
values (1013);
insert into utente (email, password, nome, cognome, data_nascita, citta, indirizzo, id_riepilogo)
values ('luigiilrosso@gmail.com', 'ilrosso97', 'Luigi', 'Rosso', '1997-09-24', 'Avellino', 'Via dei pulman, 5', 1013);
insert into cartaDiCredito (numero, intestatario, scadenza, cvv, email)
values ('0088675645342312', 'Luigi Rosso', '2022-07-01', 234, 'luigiilrosso@gmail.com');
insert into cartaDiCredito (numero, intestatario, scadenza, cvv, email)
values ('0099567845674567', 'Luigi Rosso', '2024-02-01', 464, 'luigiilrosso@gmail.com');

insert into riepilogoordine (id_riepilogo)
values (1014);
insert into utente (email, password, nome, cognome, data_nascita, citta, indirizzo, id_riepilogo)
values ('andrealauria.1@gmail.com', 'lauria90andrea', 'Andrea', 'Lauria', '1990-10-21', 'Avellino', 'Via dei giganti, 9', 1014);

insert into riepilogoordine (id_riepilogo)
values (1015);
insert into utente (email, password, nome, cognome, data_nascita, citta, indirizzo, id_riepilogo)
values ('rossi.antonio@gmail.com', 'antoniorossi72', 'Antonio', 'Rossi', '1972-10-11', 'Salerno', 'Via dei fiori, 22', 1015);

insert into riepilogoordine (id_riepilogo)
values (1016);
insert into utente (email, password, nome, cognome, data_nascita, citta, indirizzo, id_riepilogo)
values ('mirco98@gmail.com', 'mircoCapece', 'Mirco', 'Capece', '1998-05-12', 'Avellino', 'Strada fiori, 5', 1016);
insert into cartaDiCredito (numero, intestatario, scadenza, cvv, email)
values ('0055786534567654', 'Mirco Capece', '2021-02-01', 235, 'mirco98@gmail.com');

insert into riepilogoordine (id_riepilogo)
values (1017);
insert into utente (email, password, nome, cognome, data_nascita, citta, indirizzo, id_riepilogo)
values ('verdi.antonio1@gmail.com', 'verdiAntonio3', 'Antonio', 'Verdi', '1990-08-21', 'Salerno', 'Via dei lucidi, 65', 1017);
insert into cartaDiCredito (numero, intestatario, scadenza, cvv, email)
values ('0078123423456789', 'Antonio Verdi', '2025-10-01', 345, 'verdi.antonio1@gmail.com');

insert into riepilogoordine (id_riepilogo)
values (1018);
insert into utente (email, password, nome, cognome, data_nascita, citta, indirizzo, id_riepilogo)
values ('ciruzzo89@gmail.com', 'ciruzzo89', 'Ciro', 'Esposito', '1989-12-21', 'Napoli', 'Via dei girasoli, 18', 1018);

insert into riepilogoordine (id_riepilogo)
values (1019);
insert into utente (email, password, nome, cognome, data_nascita, citta, indirizzo, id_riepilogo)
values ('caggianoantonio@gmail.com', 'caggiano.98', 'Antonio', 'Caggiano', '1998-04-14', 'Salerno', 'Piazza plebiscito, 7', 1019);
insert into cartaDiCredito (numero, intestatario, scadenza, cvv, email)
values ('0077654356785432', 'Antonio Caggiano', '2022-10-01', 321, 'caggianoantonio@gmail.com');

insert into riepilogoordine (id_riepilogo)
values (1020);
insert into utente (email, password, nome, cognome, data_nascita, citta, indirizzo, id_riepilogo)
values ('russomario@gmail.com', 'ilrusso87', 'Mario', 'Russo', '1987-11-23', 'Avellino', 'Strada quercio, 1', 1020);

insert into riepilogoordine (id_riepilogo)
values (1021);
insert into utente (email, password, nome, cognome, data_nascita, citta, indirizzo, id_riepilogo)
values ('yellow.gerardo@gmail.com', 'gerrygiallo', 'Gerardo', 'Giallo', '1988-08-21', 'Salerno', 'Via dei fiori, 22', 1021);
insert into cartaDiCredito (numero, intestatario, scadenza, cvv, email)
values ('0055675434675478', 'Gerardo Giallo', '2024-10-01', 592, 'yellow.gerardo@gmail.com');

insert into riepilogoordine (id_riepilogo)
values (1022);
insert into utente (email, password, nome, cognome, data_nascita, citta, indirizzo, id_riepilogo)
values ('nicola.pace@gmail.com', 'pacenicola', 'Nicola', 'Pace', '1997-02-21', 'Avellino', 'Via dei comuni, 68', 1022);

insert into riepilogoordine (id_riepilogo)
values (1023);
insert into utente (email, password, nome, cognome, data_nascita, citta, indirizzo, id_riepilogo)
values ('luca.marino1@gmail.com', 'MarinoLuca!', 'Luca', 'Marino', '1998-10-24', 'Avellino', 'Via giusti, 4', 1023);
insert into cartaDiCredito (numero, intestatario, scadenza, cvv, email)
values ('0077564356784321', 'Luca Marino', '2022-05-01', 592, 'luca.marino1@gmail.com');

insert into riepilogoordine (id_riepilogo)
values (1024);
insert into utente (email, password, nome, cognome, data_nascita, citta, indirizzo, id_riepilogo)
values ('laurino.vincenzo@gmail.com', 'vinceLau89', 'Vincenzo', 'Laurino', '1989-10-14', 'Avellino', 'Via della pace, 2', 1024);

insert into riepilogoordine (id_riepilogo)
values (1025);
insert into utente (email, password, nome, cognome, data_nascita, citta, indirizzo, id_riepilogo)
values ('rosa.donato@gmail.com', 'RosaDonato87', 'Donato', 'Rosa', '1987-11-08', 'Benevento', 'Via arcobaleno, 32', 1025);

insert into riepilogoordine (id_riepilogo)
values (1026);
insert into utente (email, password, nome, cognome, data_nascita, citta, indirizzo, id_riepilogo)
values ('rosa.figliuolo95@outlook.it', 'figliuolorosa95', 'Rosa', 'Figliuolo', '1995-05-15', 'Benevento', 'Via colorata, 89', 1026);

insert into riepilogoordine (id_riepilogo)
values (1027);
insert into utente (email, password, nome, cognome, data_nascita, citta, indirizzo, id_riepilogo)
values ('car.lucia@gmail.com', 'luciaCar87', 'Lucia', 'Carella', '1987-11-07', 'Benevento', 'Piazza statuto, 3', 1027);

insert into riepilogoordine (id_riepilogo)
values (1028);
insert into utente (email, password, nome, cognome, data_nascita, citta, indirizzo, id_riepilogo)
values ('azzurra.celeste@gmail.com', 'celesteEazzurra', 'Azzurra', 'Celeste', '1999-06-04', 'Salerno', 'Via 5 luglio, 7', 1028);

insert into riepilogoordine (id_riepilogo)
values (1029);
insert into utente (email, password, nome, cognome, data_nascita, citta, indirizzo, id_riepilogo)
values ('gialli.assunta6@gmail.com', 'assuntaGialli9', 'Assunta', 'Gialli', '1998-04-29', 'Salerno', 'Via dei caduti, 8', 1029);

insert into riepilogoordine (id_riepilogo)
values (1030);
insert into utente (email, password, nome, cognome, data_nascita, citta, indirizzo, id_riepilogo)
values ('annagiubi2@gmail.com', 'giubi.anna.2', 'Anna', 'Giubi', '1999-08-21', 'Avellino', 'Via del viale, 66', 1030);

insert into riepilogoordine (id_riepilogo)
values (1031);
insert into utente (email, password, nome, cognome, data_nascita, citta, indirizzo, id_riepilogo)
values ('michele76.salvia@gmail.com', 'michele.salvia76', 'Michele', 'Salvia', '1976-09-22', 'Salerno', 'Via posta, 8', 1031);

insert into riepilogoordine (id_riepilogo)
values (1032);
insert into utente (email, password, nome, cognome, data_nascita, citta, indirizzo, id_riepilogo)
values ('anto.rossi96@gmail.com', 'antonietta96', 'Antonietta', 'Rossi', '1996-06-12', 'Salerno', 'Via giustizia, 3', 1032);

insert into riepilogoordine (id_riepilogo)
values (1033);
insert into utente (email, password, nome, cognome, data_nascita, citta, indirizzo, id_riepilogo)
values ('potenza.mario@gmail.com', 'mariopotenza', 'Mario', 'Potenza', '1987-04-07', 'Avellino', 'Via pasta, 97', 1033);

insert into riepilogoordine (id_riepilogo)
values (1034);
insert into utente (email, password, nome, cognome, data_nascita, citta, indirizzo, id_riepilogo)
values ('pastore99.giulio@gmail.com', 'pastore.99', 'Giulio', 'Pastore', '1999-05-12', 'Napoli', 'Via della tecnica, 445', 1034);

insert into riepilogoordine (id_riepilogo)
values (1035);
insert into utente (email, password, nome, cognome, data_nascita, citta, indirizzo, id_riepilogo)
values ('annalucca90@gmail.com', 'lucca.anna', 'Anna', 'Lucca', '1990-07-12', 'Benevento', 'Piazza Garibaldi, 1', 1035);

insert into riepilogoordine (id_riepilogo)
values (1036);
insert into utente (email, password, nome, cognome, data_nascita, citta, indirizzo, id_riepilogo)
values ('bitta.paolo77@gmail.com', 'bittaPaolo', 'Paolo', 'Bitta', '1977-07-22', 'Avellino', 'Strada sterrata, 45', 1036);

insert into riepilogoordine (id_riepilogo)
values (1037);
insert into utente (email, password, nome, cognome, data_nascita, citta, indirizzo, id_riepilogo)
values ('marioverdi@gmail.com', 'marioverdi', 'Mario', 'Verdi', '1989-07-04', 'Salerno', 'Via dritta, 6', 1037);

insert into riepilogoordine (id_riepilogo)
values (1038);
insert into utente (email, password, nome, cognome, data_nascita, citta, indirizzo, id_riepilogo)
values ('lucialungo88@gmail.com', 'lucia888', 'Lucia', 'Lungo', '1988-08-08', 'Napoli', 'Via parco della vittoria, 3', 1038);

insert into riepilogoordine (id_riepilogo)
values (1039);
insert into utente (email, password, nome, cognome, data_nascita, citta, indirizzo, id_riepilogo)
values ('pasquale87caggiano@gmail.com', 'caggiano87', 'Pasquale', 'Caggiano', '1987-02-22', 'Salerno', 'Via dei visti, 5', 1039);

insert into riepilogoordine (id_riepilogo)
values (1040);
insert into utente (email, password, nome, cognome, data_nascita, citta, indirizzo, id_riepilogo)
values ('rosalba.99@gmail.com', 'rosalbagiallo', 'Rosalba', 'Giallo', '1999-09-21', 'Avellino', 'Piazza principi, 6', 1040);

/************* POPOLAMENTO FORMARE E PRENOTAZIONE *************/
insert into formare (id_attivita, id_riepilogo, data, ora)
values (200, 1000, '2020-12-07', '10:00:00');
insert into formare (id_attivita, id_riepilogo, data, ora)
values (103, 1000, '2020-12-07', '12:00:00');
insert into prenotazione(id_prenotazione, prezzo, id_riepilogo)
values (5000, 280, 1000);

insert into formare (id_attivita, id_riepilogo, data, ora)
values (300, 1001, '2020-12-08', '9:00:00');
insert into formare (id_attivita, id_riepilogo, data, ora)
values (301, 1001, '2020-12-08', '12:00:00');
insert into formare (id_attivita, id_riepilogo, data, ora)
values (500, 1001, '2020-12-08', '18:00:00');
insert into prenotazione(id_prenotazione, prezzo, id_riepilogo)
values (5001, 400, 1001);

insert into formare (id_attivita, id_riepilogo, data, ora)
values (300, 1002, '2020-12-08', '9:00:00');
insert into formare (id_attivita, id_riepilogo, data, ora)
values (301, 1002, '2020-12-08', '12:00:00');
insert into formare (id_attivita, id_riepilogo, data, ora)
values (500, 1002, '2020-12-08', '18:00:00');
insert into prenotazione(id_prenotazione, prezzo, id_riepilogo)
values (5004, 240, 1002);

insert into formare (id_attivita, id_riepilogo, data, ora)
values (100, 1005, '2020-12-11', '12:00:00');
insert into formare (id_attivita, id_riepilogo, data, ora)
values (101, 1005, '2020-12-11', '12:00:00');
insert into formare (id_attivita, id_riepilogo, data, ora)
values (103, 1005, '2020-12-11', '18:00:00');
insert into prenotazione(id_prenotazione, prezzo, id_riepilogo)
values (5002, 595, 1005);

insert into formare (id_attivita, id_riepilogo, data, ora)
values (200, 1010, '2020-12-17', '10:00:00');
insert into formare (id_attivita, id_riepilogo, data, ora)
values (301, 1010, '2020-12-17', '09:00:00');
insert into formare (id_attivita, id_riepilogo, data, ora)
values (302, 1010, '2020-12-17', '12:00:00');
insert into prenotazione(id_prenotazione, prezzo, id_riepilogo)
values (5003, 860, 1010);


